Date,the.silver.age.hq,thepouchphl,kitchenette.phl,theunderworldphilly,themeadowphl,overyonder.phl,lbp.phl,the_allegory_philly,yargapresents,octopusgraveyard,4333collective,themachinephilly,houseshowphilly,jerseyshowscene,tagabowphl,lilyseabird,robberrobber.info,superjackattacks,soft_idiot,awaygameband,alltheflowersband,arm.bite,trashthebathhouse,vaguepositivity,cableknit_band,gaydream_band,ledge.phl,the.silver.age,0liviacooper,_9_a_h_,behringer_x32,aublemusic,sweetpilll,onion.transfer,phillyjerseyscene,nysa.band,attackdogband,diyphilly,interzone.nj,the_sanctuary_phl,yell_at_god,thecoachroomphilly,orpheus.garden,minimart.phl,snakepit_philly,fumblinperksphl,kennelphilly,theroof.phl,tgh_philly,thegarden_philly,luigismansionphl,ourhousephl,meetinghouse.phl,wvrmhole.philly,nightmairandpercysphl,greenhaus.phl,pjplayhouse_phl,starstable.phl,deadbirdsphl,the_kitchen.phl,rugclubphl,howls_castle_phila,cambriaphl,tralfamadore.southphilly,babasmagicgarden,soleyssuperawesomefunworld,thebirdsnestphilly,f0ntain,bohemiaphilly,velvet_pelvis,thesilophl,fourteenthirteenlive,litterbox.phl,paulbunyanphl,monsterspeedway,!attackdogmusic,thecourse_fishtown,laundromat.phl,1737phl,diyenjoyer,kruseler_,gardenvarietyphilly,sunburntfrog.philly,livingrunephl
2024-06-05T13:00:00Z,49,,,,,,,,,,,,,,,,,,,,,,,,,,,,,,,,,,,,,,,,,,,,,,,,,,,,,,,,,,,,,,,,,,,,,,,,,,,,,,,,,,,
2024-06-16T13:00:00Z,59,,,,,,,,,,,,,,,,,,,,,,,,,,,,,,,,,,,,,,,,,,,,,,,,,,,,,,,,,,,,,,,,,,,,,,,,,,,,,,,,,,,
2024-06-23T13:00:00Z,65,,,,,,,,,,,,,,,,,,,,,,,,,,,,,,,,,,,,,,,,,,,,,,,,,,,,,,,,,,,,,,,,,,,,,,,,,,,,,,,,,,,
2024-06-30T13:00:00Z,104,,,,,,,,,,,,,,,,,,,,,,,,,,,,,,,,,,,,,,,,,,,,,,,,,,,,,,,,,,,,,,,,,,,,,,,,,,,,,,,,,,,
2024-07-07T13:00:00Z,114,,,,,,,,,,,,,,,,,,,,,,,,,,,,,,,,,,,,,,,,,,,,,,,,,,,,,,,,,,,,,,,,,,,,,,,,,,,,,,,,,,,
2024-07-14T13:00:00Z,124,,,,,,,,,,,,,,,,,,,,,,,,,,,,,,,,,,,,,,,,,,,,,,,,,,,,,,,,,,,,,,,,,,,,,,,,,,,,,,,,,,,
2024-07-21T13:00:00Z,132,,,,,,,,,,,,,,,,,,,,,,,,,,,,,,,,,,,,,,,,,,,,,,,,,,,,,,,,,,,,,,,,,,,,,,,,,,,,,,,,,,,
2024-07-28T13:00:00Z,146,,,,,,,,,,,,,,,,,,,,,,,,,,,,,,,,,,,,,,,,,,,,,,,,,,,,,,,,,,,,,,,,,,,,,,,,,,,,,,,,,,,
2024-08-04T13:00:00Z,156,,,,,,,,,,,,,,,,,,,,,,,,,,,,,,,,,,,,,,,,,,,,,,,,,,,,,,,,,,,,,,,,,,,,,,,,,,,,,,,,,,,
2024-08-11T13:00:00Z,164,,,,,,,,,,,,,,,,,,,,,,,,,,,,,,,,,,,,,,,,,,,,,,,,,,,,,,,,,,,,,,,,,,,,,,,,,,,,,,,,,,,
2024-08-18T13:00:00Z,180,,,,,,,,,,,,,,,,,,,,,,,,,,,,,,,,,,,,,,,,,,,,,,,,,,,,,,,,,,,,,,,,,,,,,,,,,,,,,,,,,,,
2024-08-25T13:00:00Z,208,,,,,,,,,,,,,,,,,,,,,,,,,,,,,,,,,,,,,,,,,,,,,,,,,,,,,,,,,,,,,,,,,,,,,,,,,,,,,,,,,,,
2024-09-01T13:00:00Z,224,,,,,,,,,,,,,,,,,,,,,,,,,,,,,,,,,,,,,,,,,,,,,,,,,,,,,,,,,,,,,,,,,,,,,,,,,,,,,,,,,,,
2024-09-08T13:00:00Z,228,,,,,,,,,,,,,,,,,,,,,,,,,,,,,,,,,,,,,,,,,,,,,,,,,,,,,,,,,,,,,,,,,,,,,,,,,,,,,,,,,,,
2024-09-15T13:00:00Z,235,,,,,,,,,,,,,,,,,,,,,,,,,,,,,,,,,,,,,,,,,,,,,,,,,,,,,,,,,,,,,,,,,,,,,,,,,,,,,,,,,,,
2024-09-22T13:00:00Z,243,,,,,,,,,,,,,,,,,,,,,,,,,,,,,,,,,,,,,,,,,,,,,,,,,,,,,,,,,,,,,,,,,,,,,,,,,,,,,,,,,,,
2024-09-30T13:00:00Z,250,5411,1375,3573,3480,2773,541,282,7630,63,20800,5326,14900,4035,25500,4847,2660,1711,1207,1210,856,829,548,342,258,265,270,74,3033,1138,1027,871,,,,,,,,,,,,,,,,,,,,,,,,,,,,,,,,,,,,,,,,,,,,,,,,,,,,
2024-10-07T13:00:00Z,260,5433,1381,3593,3488,2795,577,284,7639,67,20800,5370,15000,4067,25700,4893,2666,1724,1209,1214,860,835,553,345,259,269,272,77,3040,1137,1029,874,36900,,,,,,,,,,,,,,,,,,,,,,,,,,,,,,,,,,,,,,,,,,,,,,,,,,,
2024-10-14T13:00:00Z,271,5444,1389,3639,3526,2848,606,285,7647,79,20900,5438,15000,4098,26100,4946,2698,1751,1213,1211,870,841,566,350,261,282,275,78,3052,1161,1034,885,37100,148,,,,,,,,,,,,,,,,,,,,,,,,,,,,,,,,,,,,,,,,,,,,,,,,,,
2024-10-21T13:00:00Z,281,5454,1394,3655,3546,2891,630,287,7663,78,20900,5461,15100,4122,26700,4976,2706,1764,1224,1210,883,846,574,353,264,284,276,79,3055,1163,1032,891,37300,169,,,,,,,,,,,,,,,,,,,,,,,,,,,,,,,,,,,,,,,,,,,,,,,,,,
2024-10-28T13:00:00Z,287,5493,1405,3726,3553,2920,659,291,7684,79,21000,5607,15100,4153,27100,5000,2718,1767,1239,1207,885,847,577,353,269,287,277,79,3052,1162,1033,900,37500,175,69,1978,,,,,,,,,,,,,,,,,,,,,,,,,,,,,,,,,,,,,,,,,,,,,,,,
2024-11-04T14:00:00Z,291,5505,1413,3760,3558,2951,690,293,7623,82,21100,5631,15200,4181,27200,5008,2732,1779,1259,1209,937,846,580,354,296,288,274,81,3055,1166,1040,907,37600,177,96,1984,,,,,,,,,,,,,,,,,,,,,,,,,,,,,,,,,,,,,,,,,,,,,,,,
2024-11-11T14:00:00Z,294,5534,1417,3784,3564,2963,699,291,7617,90,21100,5660,15200,4194,27200,5020,2765,1787,1265,1212,943,849,585,356,305,289,274,80,3054,1167,1040,911,37900,215,119,2007,,,,,,,,,,,,,,,,,,,,,,,,,,,,,,,,,,,,,,,,,,,,,,,,
2024-11-18T14:00:00Z,303,5561,1411,3827,3574,2985,710,292,7609,91,21100,5678,15300,4204,27300,5084,2777,1794,1271,1215,973,870,590,357,309,290,277,81,3054,1170,1037,913,38100,243,144,2008,2309,,,,,,,,,,,,,,,,,,,,,,,,,,,,,,,,,,,,,,,,,,,,,,,
2024-11-25T14:00:00Z,308,5573,1416,3854,3577,3017,715,292,7622,93,21200,5701,15300,4222,27400,5117,2785,1802,1270,1213,983,883,592,357,319,292,277,83,3060,1174,1049,915,38200,274,190,2016,2313,,,,,,,,,,,,,,,,,,,,,,,,,,,,,,,,,,,,,,,,,,,,,,,
2024-12-02T14:00:00Z,314,,,,,,,,,,,,,,,,,,,,,,,,,,,83,,,,,,,,,,0,,,,,,,,,,,,,,,,,,,,,,,,,,,,,,,,,,,,,,,,,,,,,,
2024-12-09T14:00:00Z,325,5600,1424,3907,3593,3037,721,295,7617,102,21300,5770,15300,4250,27700,5163,2848,1816,1271,1211,988,889,600,359,334,297,278,84,3057,1175,1053,922,38900,288,241,2027,2321,3,888,,,,,,,,,,,,,,,,,,,,,,,,,,,,,,,,,,,,,,,,,,,,,
2024-12-16T14:00:00Z,341,5636,1425,3939,3607,3050,727,295,7630,102,21300,5800,15300,4287,27800,5193,2863,1823,1273,1211,989,903,608,359,338,296,279,84,3055,1176,1054,924,39400,303,294,2029,2323,24,892,,,,,,,,,,,,,,,,,,,,,,,,,,,,,,,,,,,,,,,,,,,,,
2024-12-23T14:00:00Z,353,5671,1429,3953,3618,3059,731,296,7634,107,21300,5815,15400,4313,27900,5204,2887,1851,1272,1212,991,918,611,360,343,297,282,85,3054,1179,1054,927,39700,308,321,2029,2321,38,900,,,,,,,,,,,,,,,,,,,,,,,,,,,,,,,,,,,,,,,,,,,,,
2024-12-30T14:00:00Z,355,5683,1427,3985,3624,3060,736,293,7637,118,21400,5829,15400,4317,27900,5199,2949,1852,1273,1211,997,921,615,363,345,297,283,84,3053,1182,1046,924,39800,308,,2031,2329,44,902,,,,,,,,,,,,,,,,,,,,,,,,,,,,,,,,,,,,,,,,,,,,,
2025-01-06T14:00:00Z,358,5705,1432,4037,3650,3080,753,294,7645,123,21400,5838,15400,4322,28000,5209,2986,1851,1274,1207,1003,925,618,375,349,295,286,84,3053,1187,1048,934,40000,311,337,2029,2334,61,916,,,,,,,,,,,,,,,,,,,,,,,,,,,,,,,,,,,,,,,,,,,,,
2025-01-13T14:00:00Z,374,5749,1438,4103,3682,3116,762,295,7644,143,21400,5993,15400,4348,28200,5224,3014,1857,1274,1208,1001,940,624,377,371,296,286,85,3056,1186,1045,946,40100,322,373,2032,2329,93,932,,,,,,,,,,,,,,,,,,,,,,,,,,,,,,,,,,,,,,,,,,,,,
2025-01-20T14:00:00Z,387,5761,1440,4157,3727,3158,810,294,7647,153,21500,6077,15400,4374,28200,5254,3029,1860,1273,1207,1013,993,626,378,373,298,284,89,3048,1192,1045,946,40300,327,386,2037,2328,165,949,,,,,,,,,,,,,,,,,,,,,,,,,,,,,,,,,,,,,,,,,,,,,
2025-01-27T14:00:00Z,417,5785,1444,4203,3741,3210,825,294,7646,156,21500,6121,15400,4392,28300,5333,3040,1868,1279,1207,1014,1021,625,382,375,300,286,91,3050,1195,1041,950,40400,333,389,2039,2335,211,967,,,,,,,,,,,,,,,,,,,,,,,,,,,,,,,,,,,,,,,,,,,,,
2025-02-03T14:00:00Z,448,5821,1455,4270,3752,3234,847,292,7678,157,21600,6179,15400,4410,28400,5376,3053,1881,1281,1205,1015,1030,625,384,382,311,286,92,3048,1196,1045,950,40900,358,392,2055,2344,266,977,,,,,,,,,,,,,,,,,,,,,,,,,,,,,,,,,,,,,,,,,,,,,
2025-02-10T14:00:00Z,490,5900,1460,4299,3763,3300,875,294,7695,161,21700,6201,15400,4418,28800,5394,3081,1904,1283,1203,1019,1036,627,386,407,315,287,92,3046,1194,1045,947,41100,391,395,2066,2382,340,994,,,,,,,,,,,,,,,,,,,,,,,,,,,,,,,,,,,,,,,,,,,,,
2025-02-17T14:00:00Z,518,5933,1467,4359,3772,3330,899,296,7712,166,21700,6259,15400,4431,28900,5410,3107,1906,1284,1205,1039,1046,632,386,414,315,294,92,3048,1204,1054,947,41400,418,398,2071,2455,385,1006,,,,,,,,,,,,,,,,,,,,,,,,,,,,,,,,,,,,,,,,,,,,,
2025-02-24T14:00:00Z,547,5957,1485,4381,3804,3389,910,300,7724,171,21800,6325,15300,4438,29000,5427,3179,1915,1289,1207,1056,1063,632,385,419,315,300,95,3047,1210,1061,945,41600,479,399,2083,2479,455,1022,,,,,,,,,,,,,,,,,,,,,,,,,,,,,,,,,,,,,,,,,,,,,
2025-03-03T14:00:00Z,579,5969,1488,4399,3833,3427,944,300,7720,176,21900,6345,15300,4439,29000,5485,3318,1928,1293,1204,1087,1069,638,384,418,326,298,96,3045,1219,1065,943,41800,518,399,2098,2490,539,1040,930,1256,,,,,,,,,,,,,,,,,,,,,,,,,,,,,,,,,,,,,,,,,,,
2025-03-10T13:00:00Z,627,6012,1487,4412,3846,3456,971,300,7740,181,22000,6424,15400,4447,29100,5503,3396,1947,1296,1204,1091,1089,638,386,421,330,297,102,3049,1219,1065,950,42100,538,407,2160,2502,617,1054,980,1314,,,,,,,,,,,,,,,,,,,,,,,,,,,,,,,,,,,,,,,,,,,
2025-03-17T13:00:00Z,673,6053,1496,4440,3876,3490,983,300,7747,184,22100,6441,15400,4452,29200,5576,3412,1958,1299,1205,1097,1094,635,389,430,332,301,103,3042,1228,1075,955,42300,545,407,2221,2517,685,1085,1042,1343,,,,,,,,,,,,,,,,,,,,,,,,,,,,,,,,,,,,,,,,,,,
2025-03-24T13:00:00Z,707,6067,1521,4442,3902,3505,994,300,7763,188,22100,6485,15300,4465,29200,5633,3431,1966,1299,1203,1109,1099,645,390,434,338,301,105,3037,1226,1071,960,42500,552,410,2303,2523,764,1093,1085,1381,,,,,,,,,,,,,,,,,,,,,,,,,,,,,,,,,,,,,,,,,,,
2025-03-31T13:00:00Z,774,6108,1532,4478,3932,3528,1010,301,7767,191,22200,6515,15300,4488,29300,5684,3466,1982,1298,1206,1121,1106,652,391,438,341,301,108,3051,1226,1076,965,42600,556,410,2333,2553,822,1097,1112,1421,,,,,,,,,,,,,,,,,,,,,,,,,,,,,,,,,,,,,,,,,,,
2025-04-07T13:00:00Z,797,6125,1529,4505,3942,3544,1023,299,7762,195,22200,6539,15400,4503,29300,5856,3466,1991,1299,1204,1136,1114,652,392,440,341,301,111,3045,1224,1085,971,43200,563,413,2345,2568,868,1104,1137,1442,,,,,,,,,,,,,,,,,,,,,,,,,,,,,,,,,,,,,,,,,,,
2025-04-14T13:00:00Z,848,6155,1542,4525,3965,3557,1044,300,7775,197,22200,6646,15400,4524,29400,5954,3505,1998,1300,1202,1142,1122,652,396,497,343,301,111,3044,1224,1089,973,43600,572,413,2350,2597,937,1103,1197,1475,,,,,,,,,,,,,,,,,,,,,,,,,,,,,,,,,,,,,,,,,,,
2025-04-21T13:00:00Z,877,6183,1557,4587,3980,3567,1067,297,7798,201,22300,6668,15400,4543,29500,6016,3576,2012,1302,1199,1143,1135,656,396,512,349,304,115,3046,1230,1093,976,44000,585,413,2355,2621,988,1114,1239,1515,,,,,,,,,,,,,,,,,,,,,,,,,,,,,,,,,,,,,,,,,,,
2025-04-28T13:00:00Z,897,6206,1559,4611,3996,3567,1081,297,7808,207,22400,6686,15500,4566,29500,6058,3608,2021,1306,1198,1154,1144,662,397,637,353,308,118,3061,1233,1103,976,44300,587,415,2362,2638,1058,1132,1269,1554,,,,,,,,,,,,,,,,,,,,,,,,,,,,,,,,,,,,,,,,,,,
2025-05-05T13:00:00Z,959,6228,1557,4628,4009,3574,1095,296,7796,209,22500,6702,15500,4583,29600,6239,3647,2036,1304,1199,1157,1146,667,396,671,353,308,120,3062,1244,1113,983,44500,608,418,2397,2679,1104,1138,1266,1570,,,,,,,,,,,,,,,,,,,,,,,,,,,,,,,,,,,,,,,,,,,
2025-05-12T13:00:00Z,1010,6260,1572,4636,4013,3585,1124,299,7815,211,22700,6719,15500,4603,29600,6266,3651,2039,1304,1199,1214,1161,671,399,780,352,308,121,3069,1252,1126,986,44800,621,417,2409,2687,1153,1152,1300,1594,,,,,,,,,,,,,,,,,,,,,,,,,,,,,,,,,,,,,,,,,,,
2025-05-19T13:00:00Z,1071,6279,1574,4642,4037,3577,1141,300,7820,217,22900,6722,15500,4612,29700,6346,3665,2054,1303,1200,1221,1178,673,398,787,361,308,121,3077,1248,1126,992,45100,636,417,2408,2700,1212,1151,1399,1608,,,,,,,,,,,,,,,,,,,,,,,,,,,,,,,,,,,,,,,,,,,
2025-05-26T13:00:00Z,1100,6289,1577,4647,4052,3606,1163,300,7834,219,23000,6758,15600,4639,29900,6379,3683,2070,1300,1198,1233,1190,678,398,783,363,308,120,3077,1250,1130,1001,45500,675,418,2418,2718,1248,1152,1443,1633,,,,,,,,,,,,,,,,,,,,,,,,,,,,,,,,,,,,,,,,,,,
2025-06-02T13:00:00Z,1165,6308,1584,4647,4052,3625,1169,299,7844,224,23200,6809,15600,4656,30000,6407,3695,2081,1300,1198,1240,1195,678,398,787,363,308,124,3076,1258,1137,1004,45800,690,419,2460,2746,1308,1156,1476,1671,,,,,,,,,,,,,,,,,,,,,,,,,,,,,,,,,,,,,,,,,,,
2025-06-09T13:00:00Z,1208,6336,1578,4661,4057,3617,1181,300,7849,228,23200,6874,15600,4661,30100,6688,3709,2097,1300,1197,1247,1198,679,400,786,365,310,127,3076,1257,1141,1008,46200,695,419,2466,2784,1362,1163,1561,1695,2647,2821,2511,2606,1548,975,1846,1234,227,4803,1891,68,2664,,,,,,,,,,,,,,,,,,,,,,,,,,,,,,
2025-06-16T13:00:00Z,1238,6351,1579,4666,4067,3621,1190,300,7849,227,23300,6915,15700,4688,30500,6791,3717,2108,1302,1195,1260,1207,676,403,784,368,310,129,3077,1264,1154,1011,46500,710,418,2466,2844,1402,1162,1585,1747,2658,2844,2528,2613,1552,981,1859,1243,232,4818,1899,74,2673,587,,,,,,,,,,,,,,,,,,,,,,,,,,,,,
2025-06-23T13:00:00Z,1263,6369,1580,4699,4071,3640,1195,300,7853,228,23400,6932,15700,4705,30600,6883,3747,2136,1301,1192,1280,1213,676,403,785,374,311,131,3074,1260,1163,1016,46900,721,417,2474,2856,1433,1163,1592,1825,2676,2850,2552,2614,1562,988,1864,1286,243,4834,1904,80,2671,585,47,,,,,,,,,,,,,,,,,,,,,,,,,,,,
2025-06-30T13:00:00Z,1291,6398,1586,4708,4074,3666,1214,301,7861,233,23500,6929,15700,4711,30700,6966,3755,2140,1305,1189,1303,1225,677,404,784,373,322,130,3075,1257,1172,1019,47300,740,418,2480,2867,1473,1166,1623,1862,2681,2874,2558,2607,1569,994,1865,1289,256,4852,1903,109,2680,590,87,,,,,,,,,,,,,,,,,,,,,,,,,,,,
2025-07-07T13:00:00Z,1313,6411,1590,4714,4076,3659,1218,300,7859,238,23600,6924,15800,4725,30700,7095,3759,2145,1305,1189,1325,1226,675,404,785,377,326,132,3074,1262,1174,1027,47600,756,418,2482,2873,1505,1169,1640,1914,2733,2885,2574,2620,1573,998,1868,1416,262,4859,1908,146,2683,590,111,,,,,,,,,,,,,,,,,,,,,,,,,,,,
2025-07-14T13:00:00Z,1340,6453,1595,4751,4076,3655,1220,303,7854,247,23700,6929,15800,4728,30700,7168,3772,2152,1306,1187,1326,1240,686,405,786,382,329,136,3071,1262,1182,1033,47700,773,422,2479,2895,1552,1173,1659,1970,2773,2904,2580,2620,1588,1009,1874,1562,283,4863,1911,187,2677,592,190,,,,,,,,,,,,,,,,,,,,,,,,,,,,
2025-07-21T13:00:00Z,1385,6481,1599,4751,4073,3646,1222,301,7846,250,23800,6936,15800,4732,31300,7246,3783,2154,1306,1185,1332,1248,689,406,787,387,332,136,3063,1267,1185,1035,47800,791,422,2492,2909,1594,1179,1655,2047,2785,2918,2597,2620,1591,1089,1876,1565,329,4866,1917,209,2681,599,253,,,,,,,,,,,,,,,,,,,,,,,,,,,,
2025-07-29T13:00:00Z,1417,6498,1611,4749,4074,3575,1224,302,7865,258,23900,6929,15800,4721,31600,7325,3800,2159,1307,1184,1334,1252,688,408,812,405,334,135,3064,1266,1180,1038,48200,809,424,2496,2912,1625,1182,1695,2112,2798,2929,2631,2621,1598,1111,1884,1567,385,4872,1926,230,2685,601,279,90,,,,,,,,,,,,,,,,,,,,,,,,,,,
2025-08-04T13:00:00Z,1439,6500,1614,4742,4073,3543,1223,303,7875,261,24000,6939,15800,4719,31700,7419,3835,2161,1306,1185,1333,1257,689,406,812,407,334,136,3060,1272,1186,1041,48500,832,424,2512,2939,1643,1181,1699,2140,2822,2941,2632,2622,1594,1130,1883,1565,399,4904,1934,243,2678,600,329,90,,,,,,,,,,,,,,,,,,,,,,,,,,,
2025-08-11T13:00:00Z,1454,6504,1627,4738,4068,3540,1232,303,7878,267,24100,6937,15800,4716,31800,7547,3834,2158,1304,1185,1336,1261,696,403,810,409,336,136,3055,1270,1178,1045,48600,871,422,2516,3013,1659,1178,1760,2169,2840,2990,2630,2633,1596,1163,1881,1567,418,4915,1952,268,2680,598,399,92,,,,,,,,,,,,,,,,,,,,,,,,,,,
2025-08-18T13:00:00Z,1480,6532,1637,4731,4068,3540,1251,305,7908,279,24200,6960,15800,4712,31900,7597,3838,2155,1302,1185,1339,1268,698,403,806,416,337,137,3053,1274,1185,1043,48700,885,424,2519,3267,1688,1176,1794,2225,2909,3018,2647,2675,1602,1174,1886,1569,447,4925,1970,286,2684,598,440,104,,,,,,,,,,,,,,,,,,,,,,,,,,,
2025-08-25T13:00:00Z,1495,6536,1641,4733,4071,3534,1272,303,7916,290,24200,7074,15900,4706,32200,7638,3838,2162,1307,1186,1345,1274,703,402,806,414,338,138,3054,1277,1187,1049,48800,911,424,2519,3345,1721,1179,1852,2275,2929,3037,2643,2700,1608,1193,1887,1579,491,4940,1970,317,2683,599,460,127,,,,,,,,,,,,,,,,,,,,,,,,,,,
2025-09-02T13:00:00Z,1518,6534,1641,4726,4071,3531,1287,305,7915,293,24300,7128,15900,4705,32300,7745,3855,2171,1315,1184,1350,1285,708,402,808,413,338,137,3058,1277,1197,1049,48900,943,424,2517,3376,1754,1181,1894,2312,2954,3053,2647,2713,1615,1220,1894,1590,619,4946,1978,362,2684,601,468,131,,,,,,,,,,,,,,,,,,,,,,,,,,,
2025-09-08T13:00:00Z,1542,6545,1649,4725,4076,3526,1298,306,7915,294,24400,7133,15900,4704,32500,7792,3872,2204,1315,1185,1353,1308,709,402,805,420,338,138,3061,1286,1199,1057,49200,957,424,2517,3391,1781,1193,1892,2341,3047,3057,2663,2724,1631,1276,1896,1601,644,4948,1983,372,2686,602,490,141,151,,,,,,,,,,,,,,,,,,,,,,,,,,
2025-09-15T13:00:00Z,1559,6550,1666,4724,4077,3520,1314,305,7931,298,24400,7148,15900,4703,32600,7835,3879,2216,1314,1185,1363,1323,708,403,810,422,338,138,3075,1291,1204,1051,49400,965,424,2523,3393,1798,1193,1887,2367,3086,3063,2673,2736,1633,1285,1905,1606,700,4952,1994,397,2686,604,508,163,197,,,,,,,,,,,,,,,,,,,,,,,,,,
2025-09-24T13:00:00Z,1570,6563,1670,4710,4070,3507,1333,307,7944,301,24500,7171,15900,4704,32900,7868,3900,2225,1314,1182,1376,1358,713,406,809,429,337,139,3084,1294,1218,1054,49700,958,424,2523,3404,1820,1193,1884,2432,3187,3072,2688,2742,1635,1304,1901,1604,734,4971,,411,2687,,546,194,269,391,53,,,,,,,,,,,,,,,,,,,,,,,,
2025-10-01T13:00:00Z,1577,6586,1671,4700,4068,3507,1341,308,7951,308,24600,7216,15900,4708,33000,7902,3902,2233,1313,1180,1393,1365,712,407,815,431,338,138,3086,1293,1229,1054,50000,963,424,2569,3408,1843,1198,1882,2481,3211,3082,2723,2749,1636,1310,1906,1603,769,4983,1999,414,2685,609,571,202,305,431,64,1007,,,,,,,,,,,,,,,,,,,,,,,
2025-10-08T13:00:00Z,1589,6587,1672,4693,4012,3501,1353,310,7949,313,24700,7216,15900,4710,33200,7926,3905,2245,1310,1180,1451,1364,716,407,816,436,337,139,3085,1292,1233,1056,50300,967,425,2589,3410,1883,1207,1881,2503,3222,3098,2743,2762,1639,1324,1912,1604,853,4992,2003,415,2682,609,619,207,347,455,68,1010,,,,,,,,,,,,,,,,,,,,,,,
2025-10-15T13:00:00Z,1618,6595,1670,4688,4007,3497,1370,310,7949,319,24700,7230,15900,4709,34200,7979,3912,2267,1312,1182,1458,1402,720,408,814,438,339,139,3085,1326,1240,1060,50500,971,424,2594,3415,1910,1214,1877,2534,3255,3106,2755,2779,1640,1333,1912,1602,888,5013,2009,415,2680,608,660,211,367,482,74,1019,1392,,,,,,,,,,,,,,,,,,,,,,
2025-10-22T13:00:00Z,1627,6595,1670,4691,4016,3502,1389,309,7966,329,24800,7320,15900,4708,35400,8012,3915,2279,1318,1182,1463,1416,720,408,815,439,343,139,3095,1326,1245,1060,50600,974,425,2624,3417,1929,1219,1910,2557,3281,3111,2867,2779,1636,1348,1914,1607,990,5014,2022,425,2677,608,678,224,370,497,81,1051,1410,,,,,,,,,,,,,,,,,,,,,,
2025-10-29T13:00:00Z,1633,6594,1670,4683,4009,3493,1402,311,7957,330,24800,7380,15900,4712,36000,8071,3913,2303,1318,1182,1469,1422,718,409,814,439,347,140,3088,1328,1250,1063,50800,974,423,2639,3418,1957,1223,1907,2561,3359,3112,2880,2815,1640,1363,1909,1606,1022,5051,2023,,2668,604,695,230,369,506,103,1093,1420,,,,,,,,,,,,,,,,,,,,,,
2025-11-12T14:00:00Z,1669,6637,1672,4675,3998,3490,1428,311,7954,331,25000,7456,15900,4704,38000,8121,3929,2327,1318,1178,1485,1440,721,411,810,445,349,139,3094,1337,1262,1068,51000,974,421,2672,3444,2022,1217,1903,2607,3532,3145,2950,2833,1659,1396,1905,1609,1072,5151,2022,432,2665,602,737,274,382,534,108,1177,1447,,,,,,,,,,,,,,,,,,,,,,
2025-11-19T14:00:00Z,1677,6655,1685,4663,3994,3486,1672,311,7958,333,25000,7480,15900,4706,38700,8148,3940,2335,1315,1178,1489,1441,722,412,810,455,345,140,3093,1338,1266,1069,51400,973,419,2670,3461,2062,1216,1900,2611,3619,3153,2993,2848,1661,1396,1904,1606,1095,5182,2018,433,2661,601,802,296,385,546,110,1208,1456,,,,,,,,,,,,,,,,,,,,,,
2025-11-26T14:00:00Z,1693,6699,1686,4657,3994,3484,1823,312,7965,331,25100,7536,15900,4705,39200,8167,4022,2338,1312,1176,1487,1438,720,413,811,459,345,141,3090,1338,1270,1066,51500,970,417,2675,3488,2090,1219,1901,2625,3646,3158,3019,2853,1656,1409,1902,1607,1103,5198,2019,432,2666,599,818,302,384,560,,1238,1476,,,,,,,,,,,,,,,,,,,,,,
2025-12-03T14:00:00Z,1702,6692,1687,4648,3989,3479,1948,312,7968,331,25100,7553,15900,4710,39400,8181,4058,2333,1314,1175,1496,1440,718,411,811,459,344,141,3087,1344,1283,1063,51600,969,418,2668,3501,2115,1215,1895,2634,3692,3160,3052,2851,1662,1410,1899,1611,1105,5202,2022,431,2658,597,856,322,386,573,113,1244,1484,,,,,,,,,,,,,,,,,,,,,,
2025-12-10T14:00:00Z,1742,6695,1697,4636,3989,3473,2030,312,7978,334,25300,7620,15900,4709,40000,8223,4077,2340,1314,1173,1499,1448,722,411,807,461,346,142,3094,1343,1285,1069,52200,969,416,2677,3510,2142,1220,1892,2648,3718,3174,3060,2884,1670,1410,1902,1618,1116,5220,2021,433,2658,598,896,356,390,603,117,1248,1511,,,,,,,,,,,,,,,,,,,,,,
2025-12-17T14:00:00Z,1758,6708,1696,4637,3988,3466,2070,313,7981,341,25400,7641,15900,4711,40700,8298,4094,2339,1317,1169,1498,1456,722,410,805,463,346,141,3095,1347,1286,1065,52900,969,414,2684,3520,2187,1221,1895,2684,3740,3186,3067,2892,1678,1413,1904,1618,1124,5231,2024,433,2665,600,952,379,394,613,115,1276,1517,2524,2125,434,133,,,,,,,,,,,,,,,,,,
2025-12-24T14:00:00Z,1761,6736,1712,4631,3979,3461,2100,313,7981,344,25500,7660,15900,4722,41100,8306,4124,2348,1319,1168,1496,1479,723,410,802,466,347,141,3093,1347,1299,1068,53200,971,414,2683,3527,2194,1229,1890,2709,3758,3191,3090,2898,1681,1418,1901,1622,1134,5240,2023,433,2664,597,973,393,398,612,115,1333,1528,2538,2122,436,169,419,,,,,,,,,,,,,,,,,
2025-12-31T14:00:00Z,1767,6750,1713,4621,3976,3451,2167,315,8052,347,25500,7670,15900,4723,41400,8320,4133,2347,1319,1167,1492,1499,725,410,805,467,347,141,3089,1347,1303,1065,53400,970,412,2686,3529,2207,1230,1888,2730,3769,3204,3114,2907,1681,1417,1904,1623,1133,5246,2018,432,2660,593,987,403,399,616,116,1336,1529,2559,2124,467,172,420,719,,,,,,,,,,,,,,,,
2026-01-07T14:00:00Z,1773,6764,1714,4606,3971,3438,2207,312,8057,348,25500,7682,15900,4726,41500,8340,4146,2346,1319,1166,1492,1558,725,409,804,474,346,141,3088,1346,1302,1068,53500,974,414,2703,3528,2249,1238,1882,3103,3787,3241,3140,2922,1685,1421,1900,1618,1141,5251,2019,431,2654,594,1007,416,416,620,117,1346,1538,2573,2123,483,175,422,715,,,,,,,,,,,,,,,,
2026-01-14T14:00:00Z,1787,6774,1717,4591,3962,3435,2746,312,8065,356,25600,7742,15900,4721,41600,8350,4234,2346,1318,1161,1502,1580,724,409,802,479,349,141,3081,1344,1302,1069,53900,970,414,2700,3543,2301,1241,1879,3163,3825,3251,3185,2958,1688,1428,1903,1611,1154,5270,2014,431,2648,591,1095,432,413,642,117,1348,1541,2596,2126,488,178,421,720,,,,,,,,,,,,,,,,
2026-01-21T14:00:00Z,1807,6789,1729,4589,3954,3429,3013,315,8076,357,25700,7781,15900,4725,46300,8403,4314,2346,1319,1161,1500,1602,723,407,797,480,347,141,3081,1359,1310,1067,54200,973,415,2701,3554,2396,1243,1877,3306,3909,3279,3257,2978,1694,1435,1900,1613,1159,5275,2012,430,2644,589,1151,487,416,702,119,1362,1548,2618,2131,544,184,423,724,580,,,,,,,,,,,,,,,
2026-01-28T14:00:00Z,1866,6798,1746,4581,3951,3421,3084,316,8086,361,25800,7818,15900,4743,50100,8436,4355,2349,1316,1163,1502,1607,725,409,797,484,350,140,3079,1359,1313,1067,58100,970,416,2709,3560,2546,1247,1869,3543,3965,3302,3301,2991,1700,1449,1896,1607,1162,5277,2006,,,589,1263,545,420,725,119,1391,1553,2628,2124,553,184,423,721,634,,,,,,,,,,,,,,,
2026-02-04T14:00:00Z,1889,6824,1744,4576,3949,3415,3136,316,8083,360,25900,7853,15900,4746,51500,8485,4402,2351,1319,1160,1504,1609,723,410,792,487,351,140,3079,1355,1314,1063,60500,973,413,2710,3573,2633,1247,1866,3594,4000,3327,3346,3004,1710,1458,1898,1606,1166,5289,2002,433,2639,588,1351,634,479,763,120,1407,1564,2667,2127,560,188,425,724,668,,,,,,,,,,,,,,,
2026-02-11T14:00:00Z,1912,6856,1746,4570,3947,3409,3185,319,8164,361,26000,7921,15900,4757,53000,8549,4443,2356,1313,1158,1507,1614,719,412,791,492,352,140,3080,1361,1315,1064,61800,977,412,2714,3580,2704,1247,1870,3800,4043,3333,3373,3012,1711,1480,1898,1610,1169,5294,2003,433,2634,584,1424,656,484,795,123,1419,1572,2702,2132,567,188,429,740,708,178,,,,,,,,,,,,,,
2026-02-18T14:00:00Z,1940,6860,1749,4559,3947,3399,3239,318,8303,366,26100,7964,15900,4754,53800,8590,4469,2359,1316,1162,1512,1622,719,414,793,493,355,141,3081,1361,1327,1067,63400,982,412,2718,3584,2737,1252,1864,4156,4094,3340,3399,3026,1717,1487,1898,1609,1171,5301,2009,432,2631,584,1458,673,483,810,129,1426,1579,2719,2132,570,188,430,756,728,185,,,,,,,,,,,,,,
2026-02-25T14:00:00Z,1968,6890,1751,4557,3941,3399,3306,317,8406,374,26200,8014,15900,4746,54400,8643,4503,2374,1319,1160,1522,1632,721,415,792,493,355,141,3077,1364,1329,1065,64300,996,414,2719,3590,2837,1256,1856,4340,4127,3349,3441,3039,1721,1499,1897,1609,1179,5328,2008,432,2627,582,1504,701,489,827,160,1435,1590,2746,2135,577,192,434,800,759,218,,,,,,,,,,,,,,
2026-03-04T14:00:00Z,2005,6929,1751,4559,3938,3397,3376,318,8599,379,26300,8051,15900,4761,54700,8691,4531,2387,1320,1159,1531,1662,721,413,790,496,354,142,3075,1364,1334,1069,65300,1001,414,2723,3635,2903,1254,1852,4385,4168,3383,3500,3038,1723,1509,1896,1614,1188,5364,2008,432,2627,595,1523,712,497,866,166,1488,1605,2790,2141,577,193,438,807,789,227,,,,,,,,,,,,,,
2026-03-11T13:00:00Z,2013,6962,1763,4553,3928,3394,3448,318,8754,390,26500,8103,15900,4777,54800,8746,4602,2389,1323,1158,1530,1674,719,415,793,496,355,142,3079,1366,1334,1068,65900,1016,413,2720,3665,2940,1251,1849,4931,4208,3387,3541,3040,1725,1529,1897,1609,1197,5428,2012,431,2625,596,1567,718,504,897,176,1498,1628,2816,2169,582,192,440,812,816,231,436,104,,,,,,,,,,,,
2026-03-18T13:00:00Z,2042,6986,1767,4546,3921,3389,3487,318,9122,388,26700,8123,15900,4779,55000,8839,4684,2390,1323,1157,1529,1687,719,414,794,502,357,142,3079,1372,1336,1069,66800,1019,,2723,3667,2978,1255,1848,5108,4313,3399,3564,3046,1733,1549,1895,1607,1200,5449,2012,433,2620,600,1611,719,512,948,189,1507,1637,2837,2173,579,192,444,814,823,235,496,115,62,675,,,,,,,,,,
2026-03-25T13:00:00Z,2067,7174,1769,4537,3917,3388,3542,320,10000,389,26800,8194,15900,4788,55100,8961,4731,2403,1325,1155,1537,1698,717,413,798,505,361,142,3080,1374,1343,1071,67900,1029,406,2720,3675,3014,1255,1847,5138,4323,3434,3628,3043,1733,1566,1891,1605,1211,5499,2010,431,2621,603,1618,719,509,996,201,1528,1651,2866,2182,580,234,445,821,824,247,542,142,62,682,92,,,,,,,,,
2026-04-01T13:00:00Z,2081,7194,1786,4524,3913,3381,3590,325,10100,387,26900,8214,15900,4792,55200,9060,4796,2412,1334,1153,1536,1701,721,411,806,505,360,142,3079,1390,1351,1078,68300,1040,405,2734,3672,3064,1281,1843,6178,4344,3443,3716,3042,1734,1588,1898,1605,1211,5526,2011,432,2618,603,1667,720,510,1055,205,1539,1665,2876,2188,580,237,446,847,833,269,554,153,70,700,147,,,,,,,,,
2026-04-08T13:00:00Z,2100,7223,1788,4522,3912,3385,3658,333,10100,389,27100,8252,15900,4797,55300,9214,5192,2432,1342,1154,1542,1710,723,415,809,512,361,142,3086,1409,1359,1078,68500,1046,405,2745,3709,3100,1296,1842,6459,4355,3475,3794,3049,1741,1595,1898,1607,1221,5569,2009,436,2621,605,1704,725,512,1075,210,1542,1686,2889,2189,582,236,445,859,864,287,565,159,72,726,169,,,,,,,,,
2026-04-15T13:00:00Z,2118,7221,1790,4511,3908,3380,3734,341,10100,390,27100,8274,15900,4797,55800,9260,5384,2437,1342,1151,1543,1717,725,419,807,513,360,143,3084,1420,1369,1076,68700,1046,405,2749,3719,3142,1295,1837,6529,4388,,3847,3063,1744,1606,1903,1604,1221,5621,2011,436,2615,618,1749,724,514,1079,233,1553,1700,2905,2202,590,240,447,869,875,295,619,173,81,742,175,,,,,,,,,
2026-04-22T13:00:00Z,2133,7236,1789,4508,3905,3373,3810,342,10100,395,27200,8293,15900,4790,56200,9277,5504,2452,1342,1149,1544,1716,723,417,802,516,360,143,3082,1427,1374,1076,68900,1044,405,2757,3725,3194,1294,1835,6591,4430,3518,3882,3088,1746,1609,1902,1605,1227,5651,2005,437,2611,625,1827,724,522,1101,240,1560,1705,2920,2211,595,238,448,890,897,298,637,174,82,745,179,,,,,,,,,
2026-04-29T13:00:00Z,2148,7264,1792,4505,3905,3370,3863,342,10100,396,27300,8317,15900,4782,56500,9285,5663,2462,1337,1151,1543,1732,720,417,802,516,360,143,3081,1444,1361,1078,69200,1041,405,2758,3734,3239,1295,1831,6737,4455,3557,3926,3086,1745,1628,1900,1604,1231,5672,2008,437,2612,620,1850,721,550,1123,243,1567,1716,2940,2223,599,238,447,895,897,300,656,176,83,752,184,,,,,,,,,
2026-05-06T13:00:00Z,2161,7286,1793,4498,3908,3364,3905,347,10200,396,27500,8415,15900,4779,56600,9314,5904,2475,1340,1149,1543,1742,720,415,810,519,361,143,3084,1449,1366,1081,69300,1043,407,2764,3738,3291,1298,1826,7439,4480,3571,3997,3090,1746,1633,1902,1605,1231,5715,2010,438,2612,619,1890,723,592,1150,256,1572,1719,2956,2257,601,238,449,908,898,301,665,179,83,761,191,,,,,,,,,
2026-05-13T13:00:00Z,2181,7299,1789,4496,3903,3360,3982,347,10100,398,27500,8522,15900,4775,56600,9344,6137,2482,1343,1146,1562,1765,721,415,808,526,361,143,3054,1453,1372,1083,69700,1044,405,2769,3770,3301,1297,1825,8030,4530,3584,4052,3088,1754,1640,1902,1601,1239,5744,2009,437,2601,618,1923,724,613,1200,255,1594,1718,2966,2250,602,239,453,915,899,301,668,181,83,777,198,,,,,,,,,
2026-05-20T13:00:00Z,2189,7318,1787,4490,3902,3354,4032,350,10200,400,27700,8654,15900,4770,57100,9386,6290,2483,1343,1145,1565,1782,722,418,810,528,362,143,3051,1457,1386,1080,70100,1050,407,2788,3772,3322,1297,1817,8252,4563,3611,4086,3086,1769,1654,1899,1603,1249,5733,2009,437,2595,619,1966,726,617,1236,258,1622,1722,2977,2257,612,242,456,917,899,303,678,185,85,787,207,,,,,,,,,
2026-05-27T13:00:00Z,2201,7329,1788,4482,3893,3346,4088,352,10200,404,27700,8695,15900,4764,57400,9404,6451,2490,1345,1141,1579,1782,720,421,809,529,362,143,3049,1468,1390,1081,70600,1052,407,2806,3769,3357,1292,1815,9124,4567,3637,4140,3093,1772,1668,1897,1601,1249,5742,2006,436,2596,619,1972,725,623,1277,271,1632,1730,3009,2258,628,240,454,920,899,304,681,197,92,793,215,,,,,,,,,
2026-06-03T13:00:00Z,2215,7361,1791,4479,3893,3342,4163,349,10200,407,27800,8737,15900,4765,57900,9412,6607,2515,1344,1142,1580,1782,720,420,813,535,362,143,3046,1468,1390,1081,70800,1057,408,2881,3782,3384,1296,1815,10100,4598,3647,4186,3097,1779,1677,1894,1601,1273,5749,2007,434,2595,618,1990,724,623,1311,282,1633,1750,3037,2261,638,240,457,922,900,305,682,199,98,799,223,,,,,,,,,
2026-06-10T13:00:00Z,2221,7384,1792,4474,3885,3338,4208,349,10200,414,27900,8767,15900,4763,58000,9429,6670,2526,1344,1139,1585,1790,726,430,811,534,360,143,3046,1470,1393,1081,71000,1058,407,2891,3796,3408,1295,1810,10200,4609,3657,4248,3099,1788,1691,1892,1602,1282,5758,2007,433,2590,621,2012,722,634,1354,284,1637,1749,3047,2261,642,241,458,922,901,309,683,202,99,809,232,,,,,,,,,
2026-06-17T13:00:00Z,2232,7409,1792,4469,3882,3334,4270,351,10200,412,28100,8786,15900,4702,58100,9465,6705,2541,1343,1139,1585,1795,726,429,810,539,363,144,3054,1471,1401,1082,71200,1065,407,2899,,3467,1295,1803,10200,4614,3677,4301,3098,1792,1698,1890,1602,1314,5761,2007,431,2594,623,2047,722,637,1428,285,1638,1754,3067,2263,643,242,457,923,903,312,687,209,102,813,252,639,,,,,,,,
2026-06-24T13:00:00Z,2238,7431,1805,4458,3882,3331,4344,351,10200,415,28600,8807,15900,4679,58200,9568,6718,2550,1345,1137,1588,1798,726,432,810,541,360,148,3048,1473,1415,1079,71400,1065,408,2904,,3556,1294,1800,10200,4622,3728,4359,3101,1795,1723,1892,1603,1334,5763,2005,433,2592,623,2084,722,638,1506,287,1652,1775,3092,2263,641,242,463,927,903,314,690,214,105,821,,1964,,,,,,,,
2026-07-01T13:00:00Z,2244,7445,1811,4455,3878,3327,4406,351,10200,420,28800,8839,15900,4676,58200,9626,6775,2563,1342,1133,1599,1816,725,435,818,544,362,148,3052,1483,1420,1086,71600,1068,408,2907,,3637,1294,1800,10300,4637,3729,4436,3103,1795,1740,1892,1601,1349,5760,2002,437,2585,626,2118,718,687,1551,288,1657,1793,3125,2269,644,242,469,928,904,314,695,216,106,831,,2420,,,,,,,,
2026-07-07T13:00:00Z,2261,7473,1813,4446,3876,3327,4437,351,10200,429,28900,8905,15900,4673,58300,9665,6806,2561,1343,1134,1604,1822,727,436,816,550,360,148,3050,1485,1419,1086,71600,1071,408,2915,,3680,1291,1793,10300,4662,3742,4504,3134,1797,1759,1890,1602,1349,5770,2000,438,2584,628,2140,716,694,1571,290,1663,1823,3139,2269,648,242,479,932,902,315,695,222,106,838,280,2484,,,,,,,,
2026-07-15T13:00:00Z,2288,7530,1810,4445,3874,3323,4519,351,10200,430,29100,8954,15900,4662,58400,9724,6842,2574,1364,1131,1605,1829,729,438,814,550,358,151,3048,1487,1423,1086,71800,1073,407,2913,3937,3730,1289,1798,10300,4715,3761,4601,3133,1796,1776,1884,1600,1346,5774,2004,439,2590,629,2159,720,705,1608,288,1666,1831,3152,2272,659,242,508,930,905,315,694,244,108,849,293,2492,103,72,,,,,,
2026-07-22T13:00:00Z,2314,7572,1809,4436,3867,3317,4600,351,10200,433,29200,9028,15900,4661,58500,9763,6865,2576,1371,1132,1604,1830,730,441,816,553,358,151,3045,1489,1422,1084,72000,1076,407,2914,3985,3833,1291,1794,10300,4766,3775,4673,3145,1797,1808,,,,5780,,,,,2202,,728,1640,289,1675,1848,3159,2272,663,243,513,927,905,316,696,246,112,865,297,,116,115,293,8056,180,,,
2026-07-29T13:00:00Z,2320,7588,1810,4429,3867,3314,4654,351,10200,437,29400,9096,15900,4655,58600,9803,6887,2588,1370,1129,1607,1839,728,447,811,567,358,151,3047,1488,1439,1083,72600,1077,406,2927,4004,3878,1284,1795,10300,4776,3780,4743,3149,1801,1825,1880,1599,1354,5778,2000,439,2591,632,2239,721,742,1679,290,1680,1859,3152,2273,679,241,525,932,900,317,705,251,113,874,307,,119,142,333,8101,182,328,,
2026-08-05T13:00:00Z,2323,7625,1809,4424,3864,3310,4714,351,10200,442,29500,9211,15800,4644,58600,9825,6923,2597,1375,1127,1619,1847,729,455,811,570,358,150,3042,1497,1439,1083,72800,1074,406,2929,4088,3917,1279,1794,10300,4782,3798,4796,3144,1800,1831,1877,1595,1352,5784,1994,439,2592,630,2274,721,756,1755,290,1678,1860,3148,2267,691,241,530,929,899,315,711,257,113,885,306,,120,168,345,8321,184,348,,
2026-08-12T13:00:00Z,2334,7648,1803,4418,3863,3304,4793,351,10200,444,29600,9265,15900,4640,58700,9865,6954,2590,1381,1124,1621,1851,734,455,813,581,358,151,3044,1495,1444,1083,73000,1073,406,2933,4110,4011,1280,1794,10200,4802,3807,4865,3144,1799,1836,1876,1596,1359,5783,1991,438,2591,629,2321,720,781,1804,290,1688,1865,3150,2265,695,242,530,927,902,315,718,260,116,899,308,,122,199,363,8425,197,378,24,
2026-08-19T13:00:00Z,2340,7676,1803,4408,3857,3299,4856,351,10200,449,29700,9329,15900,4636,58800,9936,6982,2595,1383,1124,1631,1850,732,456,816,582,358,151,3036,1508,1457,1085,73900,1071,407,2960,4125,4068,1274,1796,10200,4814,3819,4945,3145,1797,1867,1875,1595,1367,5786,1992,438,2593,629,2346,721,803,1851,295,1694,1868,3151,2270,703,242,534,927,904,317,723,263,116,910,316,,127,207,408,8460,211,424,33,
2026-08-26T13:00:00Z,2349,7679,1803,4401,3855,3298,4923,351,10200,452,29900,9382,15800,4639,59700,9987,7023,2599,1387,1124,1631,1865,739,456,929,582,359,152,3034,1508,1470,1082,74600,1070,406,2971,4157,4120,1276,1794,10200,4834,3841,4986,3140,1804,1873,1879,1596,1375,5793,1996,438,2589,629,2367,718,843,1892,309,1715,1873,3162,2270,716,241,534,928,905,320,738,267,116,927,322,,128,215,427,8531,213,449,35,
2026-09-02T13:00:00Z,2350,7723,1804,4402,3847,3294,5017,350,10200,456,30000,9457,15800,4630,60400,10000,7089,2599,1399,1125,1633,1866,740,457,986,580,359,152,3031,1511,1473,1081,75200,1069,404,2972,4214,4164,1280,1791,10200,4853,3862,5041,3138,1805,1874,1879,1595,1385,5791,1993,440,2587,630,2397,719,893,1951,321,1719,1890,3159,2274,736,239,537,927,913,322,746,266,114,940,324,,129,230,446,8670,220,454,36,70
2026-09-09T13:00:00Z,2358,7774,1803,4396,3843,3292,5099,350,10200,460,30100,9599,15800,4632,60500,10300,7130,2607,1406,1123,1697,1877,739,458,1020,582,360,152,3032,1511,1482,1085,75600,1067,404,2974,4266,4234,1278,1788,10200,4861,3903,5097,3136,1804,1879,1875,1592,1393,5794,1992,437,2577,630,2432,716,956,1979,328,1728,1890,3156,2275,754,240,545,924,933,324,755,266,115,946,330,,132,233,458,8719,235,466,36,75
2026-09-16T13:00:00Z,2346,7786,1804,4387,3840,3289,5197,350,10200,461,30200,9635,15800,4634,60500,10300,7222,2594,1409,1120,1694,1884,738,459,1019,586,362,152,3030,1508,1501,1084,75800,1063,404,2972,4314,4307,1280,1790,10200,4873,3914,5168,3136,1806,1885,1873,1595,1397,5792,1985,436,2570,630,2472,715,996,2042,339,1759,1897,3152,2272,756,238,551,925,966,325,762,268,122,954,333,,131,240,514,8754,240,479,36,89
2026-09-23T13:00:00Z,2346,7826,1804,4381,3835,3284,5369,350,10200,463,30300,9667,15800,4626,60700,10500,7351,2596,1415,1119,1691,1886,736,458,1023,593,360,152,3037,1513,1525,1089,75900,1064,403,2987,4359,4350,1284,1787,10200,4984,3931,5287,3135,1804,1896,1867,1595,1404,5672,1986,436,2570,629,2493,716,1041,2066,349,1767,1911,3151,2273,773,238,557,921,971,327,766,275,131,955,335,,131,259,538,8797,244,500,36,91
2026-09-29T11:13:47Z,2346,7855,1806,4374,3832,3283,5521,350,10297,469,30454,9725,15866,4634,61003,10584,7420,2609,1417,1117,1694,1910,740,459,1039,593,358,152,3035,1529,1538,1090,77252,1065,403,2989,4411,4393,1281,1782,10250,5023,3944,5338,3139,1800,1898,1866,1596,1403,5657,1988,437,2570,627,2514,716,1090,2085,354,1772,1921,3148,2275,787,237,558,922,975,327,765,280,148,967,341,,134,272,577,8826,266,506,53,101
2026-10-07T13:04:04Z,2349,7863,1804,4368,3823,3273,5765,350,10301,477,30550,9795,15849,4629,61054,10932,7456,2609,1413,1114,1695,1926,741,460,1041,596,359,152,3039,1540,1542,1092,78281,1063,403,2989,4449,4431,1280,1780,10258,5041,3961,5483,3135,1802,1893,1861,1595,1408,5639,1985,437,2567,624,2525,714,1166,2143,366,1785,1928,3148,2273,806,238,562,925,987,328,763,284,148,965,350,,134,311,653,8876,267,534,76,117
